{
	"type": "origins:active_self",
	"entity_action": {
		"type": "origins:and",
		"actions": [
			{
				"type": "origins:apply_effect",
				"effect": {
					"effect": "minecraft:conduit_power",
					"duration": 400,
					"amplifier": 1,
					"is_ambient": true,
					"show_particles": true,
					"show_icon": true
				}
			}
		]
	},
	"cooldown": 500,
	"hud_render": {
		"should_render": true
	},
	"key": {
		"key": "key.origins.primary_active",
		"continuous": true
	},
	"condition": {
			   "type": "origins:submerged_in",
			   "fluid": "minecraft:water"
	},
	"name": "Water Breather",
	"description": "You're mostly made of water which allows you to temporarily breath and see underwater"
}