{
    "name": "Solar Strength",
    "description": "You become more powerful during the day. You gain regeneration and strength",
    "type": "origins:multiple",
    "l0": {
        "condition": {
            "type": "origins:daytime"
        },
        "type": "origins:action_over_time",
        "interval": 20,
        "entity_action": {
            "type": "origins:and",
            "actions": [
                {
                    "type": "origins:execute_command",
                "command": "effect give @s minecraft:regeneration 5 0 true"
},
                {
                    "type": "origins:execute_command",
                    "command": "effect give @s minecraft:strength 5 0 true"
                }
            ]
        },
        "rising_action": {
            "type": "origins:and",
            "actions": [
                {
                    "type": "origins:execute_command",
                    "command": "tellraw @p {\"text\":\"You are empowered by the sun.\",\"color\":\"green\"}"
                }
            ]
        },
        "falling_action": {
            "type": "origins:and",
            "actions": [
                {
                    "type": "origins:execute_command",
                    "command": "tellraw @p {\"text\":\"As the sun sets, you feel your strength diminish.\",\"color\":\"green\"}"
                }
            ]
        }
    }
}