{
	"type": "origins:multiple",
	"campfire": {
		"type": "origins:invulnerability",
		"condition": {
			"type": "origins:block_in_radius",
			"inverted": false,
			"radius": 1,
			"shape": "cube",
			"comparison": ">=",
			"compare_to": 1,
			"block_condition": {
				"type": "origins:in_tag",
				"inverted": false,
				"tag": "tags:camp"
			}
		},
		"hidden": true,
		"damage_condition": {
			"type": "origins:name",
			"inverted": false,
			"name": "inFire"
		}
	},
	"magma": {
		"type": "origins:invulnerability",
		"condition": {
			"type": "origins:block_in_radius",
			"inverted": false,
			"radius": 1,
			"shape": "cube",
			"comparison": ">=",
			"compare_to": 1,
			"block_condition": {
				"type": "origins:block",
				"block": "minecraft:magma_block"
			}
		},
		"hidden": true,
		"damage_condition": {
			"type": "origins:name",
			"inverted": false,
			"name": "hotFloor"
		}
	},
	"hidden": false,
"name": "Magma Immunity",
"description": "Magma blocks deal 0 damage!"
}