{
  "name": "Short",
  "description": "Due to being a watermelon you are only 1 block tall.",
  "type": "origins:action_on_callback",
  "entity_action_chosen": {
    "type": "origins:and",
    "actions": [
      {
        "type": "origins:execute_command",
        "command": "scale set pehkui:width 0.5 @s"
      },
      {
        "type": "origins:execute_command",
        "command": "scale set pehkui:height 0.5 @s"
      },
      {
        "type": "origins:execute_command",
        "command": "scale persist set true @s"
      }
    ]
  },
  "execute_chosen_when_orb": true,
  "entity_action_lost": {
    "type": "origins:execute_command",
    "command": "scale reset @s"
  }
}